<?xml version="1.0" encoding="UTF-8"?>
<project-private xmlns="http://www.netbeans.org/ns/project-private/1">
    <editor-bookmarks xmlns="http://www.netbeans.org/ns/editor-bookmarks/2" lastBookmarkId="0"/>
    <open-files xmlns="http://www.netbeans.org/ns/projectui-open-files/2">
        <group>
            <file>file:/D:/belia/Documents/NetBeansProjects/proyectoADS/src/vista/validacionCliente.java</file>
            <file>file:/D:/belia/Documents/NetBeansProjects/proyectoADS/src/vista/Multa.java</file>
            <file>file:/D:/belia/Documents/NetBeansProjects/proyectoADS/src/vista/prestamo.java</file>
            <file>file:/D:/belia/Documents/NetBeansProjects/proyectoADS/src/proyectoads/ProyectoADS.java</file>
            <file>file:/D:/belia/Documents/NetBeansProjects/proyectoADS/src/vista/devolucion.java</file>
            <file>file:/D:/belia/Documents/NetBeansProjects/proyectoADS/src/vista/Menu.java</file>
            <file>file:/D:/belia/Documents/NetBeansProjects/proyectoADS/src/vista/inicioSesion.java</file>
        </group>
    </open-files>
</project-private>
